year,event_id,station_wind_mph,ground_up_loss_usd
2000,E000001,17.2,576721.59
2000,E000002,30.2,0.0
2002,E000003,94.6,3659320.27
2006,E000004,25.5,0.0
2006,E000005,10.0,616419.87
2006,E000006,36.9,3724678.84
2007,E000007,42.4,0.0
2008,E000008,31.5,2307017.68
2011,E000009,20.6,0.0
2012,E000010,28.5,202992.03
2014,E000011,100.6,21109865.34
2016,E000012,40.4,0.0
2016,E000013,9.9,0.0
2018,E000014,21.1,0.0
2018,E000015,24.1,0.0
2020,E000016,57.9,4234726.36
2021,E000017,38.1,0.0
2021,E000018,19.6,0.0
2022,E000019,39.7,662182.99
